"Keywords","Average Searches","Competition","KD","Tag Occurrences"
"stick and stitch",1166,9591,"46","93"
"stick and stitch cross stitch",2,2730,"100","0"
"stick and stitch stitch practice",1,"-","","0"
"cross stitch stick and stitch",1,"-","","0"
"stick and stitch embroidery",773,8515,"52","0"
"embroidery stick and stitch",121,7763,"90","0"
"stick and stitch border",93,68,"1","0"
"stick and stitch moth",43,55,"5","0"
"stick and stitch patterns",16,7847,"100","0"
"valentines stick and stitch",13,290,"67","0"
"stick and stitch fabric",11,"-","","0"
"stick and stitch paper",8,1270,"100","0"
"stick and stitch kit",6,3290,"100","2"
"stick and stitch designs",5,1928,"100","0"
"stick and stitch letters",5,91,"63","0"
"sulky stick and stitch",4,"-","","0"
"christmas stick and stitch",4,436,"100","0"
"stick and stitch pocket",3,"-","","0"
"stick and stitch christmas",3,654,"100","0"
"stick and stitch patches",3,714,"100","0"
"alphabet stick and stitch",3,176,"88","0"
"stick and stitch kits",3,3471,"100","0"
"stick and stitch pattern",3,7488,"100","0"
"stick and stitch pdf",3,4356,"100","5"
"sunflower stick and stitch",3,49,"61","0"
"stick and stitch name",3,212,"92","0"
"stick and stitch flowers",3,1255,"100","0"
"stick and stitch herbs",3,"-","","0"
"stick and stitch alphabet",3,335,"100","0"
"stick and stitch birds",3,97,"75","0"
"stick and stitch snake",3,"-","","0"
"baby stick and stitch",2,1977,"100","0"
"stick and stitch vines",2,"-","","0"
"stick and stitch floral",2,2961,"100","0"
"stick and stitch ocean",2,"-","","0"
"print stick and stitch",2,"-","","0"
"lobster stick and stitch",2,"-","","0"
"stick and stitch disney",2,"-","","0"
"sardine stick and stitch",2,"-","","0"
"stick and stitch pumpkin",2,"-","","0"
"stick and stitch leaf",2,"-","","0"
"mini stick and stitch",2,122,"89","0"
"stick and stitch ornaments",2,"-","","0"
"christian stick and stitch",2,"-","","0"
"bug stick and stitch",2,"-","","0"
"stick and stitch bee",2,99,"85","0"
"stick and stitch butterfly",2,119,"89","0"
"stick and stitch fall",2,198,"100","0"
"gothic stick and stitch",2,"-","","0"
"skull stick and stitch",2,"-","","0"
"sashiko stick and stitch",2,79,"80","0"
"printable stick and stitch",2,895,"100","0"
"handprint stick and stitch",2,"-","","0"
"stick and stitch sheets",2,"-","","0"
"pumpkin stick and stitch",2,120,"89","0"
"stick and stitch valentines",2,293,"100","0"
"stick and stitch rose",2,"-","","0"
"stick and stitch dinosaurs",1,27,"72","0"
"stick and stitch packs",1,282,"100","0"
"hearts stick and stitch",1,"-","","0"
"beanie stick and stitch",1,"-","","0"
"hummingbird stick and stitch",1,"-","","0"
"stick and stitch flower",1,"-","","0"
"stick and stitch love",1,162,"100","0"
"stick and stitch celestial",1,"-","","0"
"bird stick and stitch",1,114,"100","0"
"stick and stitch worm",1,"-","","0"
"stick and stitch stabilizer",1,358,"100","0"
"stick and stitch initials",1,720,"100","0"
"religious stick and stitch",1,"-","","0"
"simple stick and stitch",1,"-","","0"
"mushrooms stick and stitch",1,"-","","0"
"stick and stitch native",1,"-","","0"
"customer stick and stitch",1,"-","","0"
"snoopy stick and stitch",1,"-","","0"
"stick and stitch snowflakes",1,72,"93","0"
"pig stick and stitch",1,"-","","0"
"stick and stitch numbers",1,"-","","0"
"cartoon stick and stitch",1,"-","","0"
"stick and stitch bread",1,"-","","0"
"stick and stitch sashiko",1,81,"95","0"
"stick and stitch cacti",1,"-","","0"
"stick and stitch bees",1,99,"100","0"
"stick and stitch transfer",1,848,"100","0"
"stick and stitch bugs",1,37,"78","0"
"heart stick and stitch",1,284,"100","0"
"stick and stitch animals",1,232,"100","0"
"goose stick and stitch",1,"-","","0"
"cardinal stick and stitch",1,"-","","0"
"woodsy stick and stitch",1,"-","","0"
"stick and stitch print",1,"-","","0"
"stick and stitch blank",1,"-","","0"
"stick and stitch converse",1,15,"59","0"
"stick and stitch pumpkins",1,118,"100","0"
"stick and stitch water",1,"-","","0"
"xl stick and stitch",1,"-","","0"
"small stick and stitch",1,"-","","0"
"embrodiery stick and stitch",1,"-","","0"
"stick and stitch carharrt",1,"-","","0"
"sardines stick and stitch",1,"-","","0"
"bear stick and stitch",1,"-","","0"
"stick and stitch grid",1,"-","","0"
"beagle stick and stitch",1,"-","","0"
"stick and stitch summer",1,"-","","0"
"stick and stitch cactus",1,"-","","0"
"stick and stitch trim",1,"-","","0"
"strawberry stick and stitch",1,22,"67","0"
"stick and stitch pomegranate",1,"-","","0"
"stick and stitch salmon",1,"-","","0"
"large stick and stitch",1,54,"87","0"
"medieval stick and stitch",1,"-","","0"
"slug stick and stitch",1,"-","","0"
"pooh stick and stitch",1,"-","","0"
"hockey stick and stitch",1,"-","","0"
"stick and stitch letter",1,744,"100","0"
"stick and stitch gigi",1,"-","","0"
"wedding stick and stitch",1,39,"80","0"
"stick and stitch pastries",1,"-","","0"
"stick and stitch tiny",1,29,"73","0"
"fish stick and stitch",1,"-","","0"
"van stick and stitch",1,"-","","0"
"stick and stitch sampler",1,"-","","0"
"stick and stitch ladybugs",1,"-","","0"
"stick and stitch mushroom",1,"-","","0"
"farm stick and stitch",1,"-","","0"
"stick and stitch owl",1,"-","","0"
"initial stick and stitch",1,"-","","0"
"punk stick and stitch",1,"-","","0"
"stick and stitch baby",1,538,"100","0"
"stick and stitch cocktail",1,"-","","0"
"moth stick and stitch",1,32,"75","0"
"fall stick and stitch",1,"-","","0"
"stick and stitch cherry",1,"-","","0"
"stick and stitch dragonflies",1,"-","","0"
"stick and stitch cocktails",1,29,"73","0"
"goth stick and stitch",1,"-","","0"
"havterra stick and stitch",1,"-","","0"
"sunrise stick and stitch",1,"-","","0"
"mushroom stick and stitch",1,151,"100","0"
"stick and stitch napkins",1,"-","","0"
"peel stick and stitch",1,774,"100","0"
"stick and stitch yoga",1,"-","","0"
"stick and stitch cute",1,"-","","0"
"stick and stitch wildflower",1,"-","","0"
"skeleton stick and stitch",1,"-","","0"
"stick and stitch cats",1,"-","","0"
"stick and stitch bold",1,"-","","0"
"floral stick and stitch",1,729,"100","0"
"stick and stitch plant",1,"-","","0"
"stick and stitch italian",1,"-","","0"
"mama stick and stitch",1,"-","","0"
"stick and stitch papers",1,"-","","0"
"stick and stitch tomato",1,"-","","0"
"daisy stick and stitch",1,"-","","0"
"planet stick and stitch",1,"-","","0"
"stick and stitch snowmen",1,"-","","0"
"stick and stitch country",1,"-","","0"
"lemon stick and stitch",1,"-","","0"
"stick and stitch download",1,892,"100","0"
"stick and stitch sunshine",1,"-","","0"
"stick and stitch sleeve",1,"-","","0"
"stick and stitch mini",1,"-","","0"
"stick and stitch fish",1,"-","","0"
"stick and stitch trees",1,"-","","0"
"girly stick and stitch",1,"-","","0"
"wildflower stick and stitch",1,157,"100","0"
"stick and stitch color",1,"-","","0"
"olmstead stick and stitch",1,"-","","0"
"stick and stitch insects",1,41,"81","0"
"fruit stick and stitch",1,42,"81","0"
"maine stick and stitch",1,"-","","0"
"stick and stitch kanken",1,"-","","0"
"stick and stitch botanical",1,"-","","0"
"sun stick and stitch",1,"-","","0"
"bugs stick and stitch",1,26,"71","0"
"stick and stitch skull",1,"-","","0"
"smut stick and stitch",1,"-","","0"
"custom stick and stitch",1,177,"100","0"
"insects stick and stitch",1,"-","","0"
"stick and stitch spooky",1,"-","","0"
"stick and stitch xmas",1,"-","","0"
"catholic stick and stitch",1,"-","","0"
"stick and stitch downloads",1,"-","","0"
"fern stick and stitch",1,11,"52","0"
"insect stick and stitch",1,41,"81","0"
"axe stick and stitch",1,"-","","0"
"tulip stick and stitch",1,"-","","0"
"totoro stick and stitch",1,"-","","0"
"pomegranate stick and stitch",1,"-","","0"
"butterfly stick and stitch",1,144,"100","0"
"stick and stitch snoopy",1,"-","","0"
"preprinted stick and stitch",1,"-","","0"
"celtic stick and stitch",1,"-","","0"
"autumn stick and stitch",1,"-","","0"
"heron stick and stitch",1,"-","","0"
"stick and stitch chickens",1,"-","","0"
"stick and stitch lobster",1,"-","","0"
"pocket stick and stitch",1,"-","","0"
"stamp stick and stitch",1,"-","","0"
"monthly stick and stitch",1,"-","","0"
"flowers stick and stitch",1,1334,"100","0"
"stick and stitch bookish",1,"-","","0"
"stick and stitch soup",1,"-","","0"
"stick and stitch beginner",1,"-","","0"
"stick and stitch butterflies",1,"-","","0"
"blank stick and stitch",1,11,"52","0"
"stick and stitch western/cowboy",1,"-","","0"
"stick and stitch duck",1,"-","","0"
"birds stick and stitch",1,109,"100","0"
"stick and stitch fern",1,14,"57","0"
"stick and stitch rooster",1,"-","","0"
"feminist stick and stitch",1,"-","","0"
"octopus stick and stitch",1,"-","","0"
"snake stick and stitch",1,9,"48","0"
"stick and stitch bird",1,"-","","0"
"stick and stitch mandala",1,37,"78","0"
"stick and stitch cousin",1,"-","","0"
"fantasy stick and stitch",1,"-","","0"
"stick and stitch printable",1,867,"100","0"
"cat stick and stitch",1,226,"100","0"
"beach stick and stitch",1,"-","","0"
"stick and stitch book",1,"-","","0"
"tree stick and stitch",1,"-","","0"
"stick and stitch material",1,"-","","0"
"stick and stitch flowers and herbs",1,"-","","0"
"cross stitch stick and stitch grid",1,"-","","0"
"stick and stitch cross stitch grid",1,"-","","0"
"stick and stitch skull and plant",1,"-","","0"
"frog and toad stick and stitch",1,"-","","0"
"stick and stitch beetles and fish",1,"-","","0"
"stick and stitch mountains and flowerspaper",1,"-","","0"
"stick and stitch embroidery patterns",342,4454,"56","0"
"stick and stitch embroidery designs",107,3583,"76","0"
"stick and stitch embroidery pattern",103,5399,"86","0"
"gnome embroidery stick and stitch",31,"-","","0"
"stick and stitch miniature bugs",26,1,"1","0"
"stick and stitch flower embroidery",14,2028,"100","0"
"home decor stick and stitch",9,"-","","0"
"stick and stitch mini insects",9,"-","","0"
"stick and stitch embroidery quotes",5,"-","","0"
"embroidery stick and stitch paper",5,757,"100","0"
"stick and stitch embroidery pdf",5,1876,"100","0"
"stick and stitch download digital",5,"-","","0"
"stick and stitch embroidery letters",4,84,"66","0"
"stick and stitch embroidery paper",4,1081,"100","0"
"embroidery pattern stick and stitch",4,2903,"100","0"
"stick and stitch hand embroidery",3,2065,"100","0"
"stick and stitch embroidery sardines",3,"-","","0"
"embroidery patterns stick and stitch",3,2881,"100","0"
"sardine can stick and stitch",3,"-","","0"
"embroidery stick and stitch patches",3,"-","","0"
"hand embroidery stick and stitch",3,1894,"100","0"
"embroidery stick and stitch pattern",3,3072,"100","0"
"stick and stitch embroidery animals",2,"-","","0"
"embroidery stick and stitch food",2,"-","","0"
"bugs embroidery stick and stitch",2,"-","","0"
"stick and stitch embroidery snake",2,"-","","0"
"simple stick and stitch designs",2,"-","","0"
"embroidery stick and stitch animals",2,"-","","0"
"tinned fish stick and stitch",2,"-","","0"
"printable stick and stitch flower",2,"-","","0"
"water soluble stick and stitch",2,"-","","0"
"stick and stitch blank paper",2,"-","","0"
"stick and stitch embroidery kit",2,3183,"100","0"
"christmas stick and stitch kit",2,"-","","0"
"baby stick and stitch embroidery",2,"-","","0"
"stick and stitch snowflake embroidery",2,"-","","0"
"embroidery designs stick and stitch",2,965,"100","0"
"stick and stitch patterns pdf",2,"-","","0"
"stick and stitch embroidery chickens",2,"-","","0"
"embroidery stick and stitch patterns",2,8303,"100","0"
"stick and stitch for jeans",2,"-","","0"
"folk art stick and stitch",2,"-","","0"
"valentines day stick and stitch",2,198,"100","0"
"stick and stitch bird embroidery",2,"-","","0"
"bee stick and stitch embroidery",2,"-","","0"
"christmas embroidery stick and stitch",2,"-","","0"
"stick and stitch embroidery plants",2,"-","","0"
"stick and stitch embroidery pack",2,"-","","0"
"stick and stitch christmas embroidery",2,"-","","0"
"stick and stitch embroidery bugs",1,"-","","0"
"embroidery stick and stitch retro",1,"-","","0"
"starwars embroidery stick and stitch",1,"-","","0"
"snowflake stick and stitch pattern",1,"-","","0"
"stick and stitch patterns masculine",1,"-","","0"
"stick and stitch wild flowers",1,"-","","0"
"christmas baby stick and stitch",1,"-","","0"
"valentine stick and stitch patterns",1,"-","","0"
"heated rivalry stick and stitch",1,"-","","0"
"marathon embroidery stick and stitch",1,"-","","0"
"mama embroidery stick and stitch",1,"-","","0"
"stick and stitch pattern pdf",1,"-","","0"
"tortoise stick and stitch designs",1,"-","","0"
"floral stick and stitch pdf",1,"-","","0"
"embroidery stick and stitch name",1,"-","","0"
"wildflower stick and stitch pdf",1,"-","","0"
"stick and stitch embroidery design",1,1791,"100","0"
"punch needle stick and stitch",1,"-","","0"
"stick and stitch embroidery templates",1,517,"100","0"
"stick and stitch embroidery floral",1,"-","","0"
"christmas star stick and stitch",1,"-","","0"
"sun embroidery stick and stitch",1,"-","","0"
"stick and stitch fourth wing",1,"-","","0"
"embroidery stick and stitch month",1,"-","","0"
"stick and stitch mushroom designs",1,"-","","0"
"stick and stitch embroidery print",1,"-","","0"
"stick and stitch embroidery flower",1,"-","","0"
"farm stick and stitch embroidery",1,"-","","0"
"snowflakes stick and stitch sheet",1,"-","","0"
"embroidery stick and stitch sun",1,"-","","0"
"mystic embroidery stick and stitch",1,"-","","0"
"dragon embroidery stick and stitch",1,"-","","0"
"stick and stitch snake kits",1,"-","","0"
"stick and stitch christmas kit",1,"-","","0"
"stick and stitch palm tree",1,"-","","0"
"kids embroidery stick and stitch",1,"-","","0"
"embroidery stick and stitch letters",1,"-","","0"
"halloween stick and stitch patterns",1,"-","","0"
"stick and stitch embroidery christmas",1,"-","","0"
"stick and stitch large embroidery",1,"-","","0"
"beginner stick and stitch pattern",1,"-","","0"
"stick and stitch funny patch",1,"-","","0"
"printable wildflower stick and stitch",1,"-","","0"
"scary embroidery stick and stitch",1,"-","","0"
"stick and stitch embroidery cows",1,"-","","0"
"greek embroidery stick and stitch",1,"-","","0"
"stick and stitch embroidery shipwreck",1,"-","","0"
"stick and stitch beanie pattern",1,"-","","0"
"beginner patterns stick and stitch",1,"-","","0"
"roses stick and stitch embroidery",1,"-","","0"
"mini stick and stitch print",1,"-","","0"
"strawberry embroidery stick and stitch",1,21,"66","0"
"stick and stitch monogram patterns",1,"-","","0"
"stick and stitch denim jacket",1,"-","","0"
"stick and stitch fall pattern",1,"-","","0"
"embroidery stencils stick and stitch",1,"-","","0"
"fall stick and stitch embroidery",1,"-","","0"
"big sis stick and stitch",1,"-","","0"
"lady bugs stick and stitch",1,"-","","0"
"stick and stitch embroidery memes",1,"-","","0"
"stick and stitch abstract geometric",1,"-","","0"
"nana collar stick and stitch",1,"-","","0"
"embroidery stick and stitch fall",1,"-","","0"
"stick and stitch christmas cabin",1,"-","","0"
"reputation snake stick and stitch",1,"-","","0"
"embroidery stick and stitch pdf",1,"-","","0"
"stick and stitch embroidery food",1,"-","","0"
"stick and stitch floral letters",1,36,"78","0"
"christmas trees stick and stitch",1,"-","","0"
"stick and stitch baby embroidery",1,"-","","0"
"4 seasons stick and stitch",1,"-","","0"
"stick and stitch monogram letter",1,"-","","0"
"embroidery transfers stick and stitch",1,752,"100","0"
"embroidery stick and stitch woodland",1,"-","","0"
"marian stick and stitch emblem",1,"-","","0"
"stick and stitch southwest embroidery",1,"-","","0"
"beginner embroidery stick and stitch",1,"-","","0"
"alphabet stick and stitch embroidery",1,"-","","0"
"stick and stitch jean jacket",1,"-","","0"
"printable stick and stitch sheets",1,"-","","0"
"large stick and stitch pattern",1,"-","","0"
"bumble bee stick and stitch",1,"-","","0"
"stick and stitch printable paper",1,"-","","0"
"stick and stitch embroidery transfer",1,"-","","0"
"holiday cats stick and stitch",1,"-","","0"
"embroidery stick and stitch kit",1,"-","","0"
"embroidery stick and stitch fish",1,"-","","0"
"stick and stitch patterns nature",1,"-","","0"
"wildflower stick and stitch embroidery",1,"-","","0"
"stick and stitch embroidery sheets",1,"-","","0"
"stick and stitch for denim",1,50,"85","0"
"stick and stitch transfer paper",1,"-","","0"
"stick and stitch embroidery initials",1,"-","","0"
"stick and stitch embroidery mugs",1,"-","","0"
"stick and stitch alphabet embroidery",1,"-","","0"
"printable stick and stitch paper",1,"-","","0"
"stick and stitch embroidery strawberry",1,"-","","0"
"hard rock stick and stitch",1,"-","","0"
"christian stick and stitch designs",1,"-","","0"
"embroidery patch stick and stitch",1,611,"100","0"
"frog embroidery stick and stitch",1,"-","","0"
"stick and stitch pocket flower",1,"-","","0"
"wildlife stick and stitch patterns",1,"-","","0"
"chicken stick and stitch patterns",1,"-","","0"
"stick and stitch christmas kits",1,"-","","0"
"christian stick and stitch downloads",1,"-","","0"
"visible mending stick and stitch",1,"-","","0"
"stick and stitch embroidery sunflower",1,"-","","0"
"stick and stitch designs download",1,"-","","0"
"embroidery stick and stitch mushrooms",1,"-","","0"
"stick and stitch embroidery boys",1,32,"75","0"
"stick and stitch printable templates",1,"-","","0"
"stick and stitch butterfly embroidery",1,"-","","0"
"peacock stick and stitch embroidery",1,"-","","0"
"stick and stitch easter handembroidery",1,"-","","0"
"stick and stitch dog labrador",1,"-","","0"
"stick and stitch birds embroidery",1,"-","","0"
"embroidery stick and stitch beanie",1,"-","","0"
"embroidery stick and stitch peanuts",1,"-","","0"
"embroidery stick and stitch funny",1,"-","","0"
"mushroom embroidery stick and stitch",1,"-","","0"
"stick and stitch mini daisy",1,"-","","0"
"stick and stitch letter a",1,"-","","0"
"printable stick and stitch embroidery",1,1067,"100","0"
"stick and stitch pumpkin kit",1,"-","","0"
"football print stick and stitch",1,"-","","0"
"thanksgiving embroidery stick and stitch",1,"-","","0"
"stick and stitch embroidery lettering",1,"-","","0"
"printable alphabet stick and stitch",1,"-","","0"
"mini christmas stick and stitch",1,"-","","0"
"stick and stitch valentines day",1,"-","","0"
"printable stick and stitch pattern",1,2572,"100","0"
"leaf embroidery stick and stitch",1,"-","","0"
"mini stick and stitch flowers",1,"-","","0"
"winter floral stick and stitch",1,"-","","0"
"stick and stitch christmas pattern",1,"-","","0"
"embroidery handprint stick and stitch",1,"-","","0"
"folk embroidery stick and stitch",1,"-","","0"
"religious embroidery stick and stitch",1,"-","","0"
"large embroidery stick and stitch",1,"-","","0"
"stick and stitch sea creatures",1,"-","","0"
"stick and stitch for embroidery",1,"-","","0"
"pdf stick and stitch patterns",1,"-","","0"
"embroidery stick and stitch chickens",1,"-","","0"
"beetle stick and stitch kit",1,"-","","0"
"stick and stitch christmas collars",1,"-","","0"
"summer stick and stitch embroidery",1,"-","","0"
"bat stick and stitch embroidery",1,"-","","0"
"laurel wreath stick and stitch",1,"-","","0"
"stick and stitch baby boy",1,"-","","0"
"embroidery stick and stitch halloween",1,"-","","0"
"embroidery kit stick and stitch",1,"-","","0"
"embroidery stick and stitch heart",1,"-","","0"
"stick and stitch patches retro",1,"-","","0"
"stick and stitch floral embroidery",1,"-","","0"
"art nouveau stick and stitch",1,"-","","0"
"stick and stitch heart embroidery",1,"-","","0"
"fish embroidery stick and stitch",1,"-","","0"
"stick and stitch for beginners",1,"-","","0"
"stick and stitch with patterns",1,"-","","0"
"stick and stitch initial c",1,"-","","0"
"stick and stitch seasonal doodle",1,"-","","0"
"wedding embroidery stick and stitch",1,"-","","0"
"stick and stitch highland cow",1,"-","","0"
"hummingbird embroidery stick and stitch",1,"-","","0"
"flower pocket stick and stitch",1,"-","","0"
"coastal stick and stitch pdf",1,"-","","0"
"stick and stitch cottage core",1,"-","","0"
"stick and stitch printable florals",1,"-","","0"
"embroidery stick and stitch pumpkin",1,"-","","0"
"stick and stitch water soluble",1,"-","","0"
"stick and stitch embroidery kits",1,3268,"100","0"
"christmas stick and stitch patterns",1,352,"100","0"
"stick and stitch embroidery surfboard",1,"-","","0"
"stick and stitch bear kit",1,"-","","0"
"stick and stitch flower pattern",1,"-","","0"
"olive branch stick and stitch",1,"-","","0"
"apple tree stick and stitch",1,"-","","0"
"unique stick and stitch embroidery",1,"-","","0"
"embroidery stick and stitch beginner",1,"-","","0"
"nordic stick and stitch embroidery",1,"-","","0"
"stick and stitch small embroidery",1,"-","","0"
"stick and stitch embroidery fern",1,"-","","0"
"stick and stitch hearts bows",1,"-","","0"
"stick and stitch pattern fruits",1,"-","","0"
"adult embroidery stick and stitch",1,"-","","0"
"stick and stitch embroidery basketball",1,"-","","0"
"cocktail stick and stitch patterns",1,"-","","0"
"stick and stitch for napkins",1,"-","","0"
"stick and stitch embroidery mandala",1,"-","","0"
"tiny stick and stitch designs",1,"-","","0"
"stick and stitch large patterns",1,"-","","0"
"cat stick and stitch embroidery",1,"-","","0"
"bone stick and stitch embroidery",1,"-","","0"
"embroidery floral stick and stitch",1,"-","","0"
"stick and stitch beanie embroidery",1,24,"69","0"
"unique stick and stitch patterns",1,"-","","0"
"snake embroidery stick and stitch",1,"-","","0"
"dachshund embroidery stick and stitch",1,"-","","0"
"printable stick and stitch bundles",1,"-","","0"
"tin fish stick and stitch",1,"-","","0"
"stick and stitch desert flowers",1,"-","","0"
"stick and stitch welcome embroidery",1,"-","","0"
"stick and stitch robin bird",1,"-","","0"
"stick and stitch tree patterns",1,"-","","0"
"stick and stitch embroidery flowers",1,"-","","0"
"arab stick and stitch pattern",1,"-","","0"
"stick and stitch botanical letters",1,"-","","0"
"large letter stick and stitch",1,"-","","0"
"embroidery stick and stitch book",1,"-","","0"
"stick and stitch embroidery teapots",1,"-","","0"
"chicken stick and stitch pattern",1,"-","","0"
"stick and stitch letters embroidery",1,"-","","0"
"wildflower embroidery stick and stitch",1,"-","","0"
"large stick and stitch embroidery",1,28,"72","0"
"stick and stitch herbal embroidery",1,"-","","0"
"stick and stitch patterns unicorn",1,"-","","0"
"stick and stitch christmas trees",1,"-","","0"
"stick and stitch embroidery gnomes",1,"-","","0"
"sulky stick and stitch christmas",1,"-","","0"
"embroider hat stick and stitch",1,"-","","0"
"beach stick and stitch pattern",1,"-","","0"
"stick and stitch embroidery mini",1,"-","","0"
"stick and stitch blank fabric",1,"-","","0"
"embroidery stick and stitch geometric",1,"-","","0"
"carhart embroidery stick and stitch",1,"-","","0"
"stick and stitch embroidery derpy",1,"-","","0"
"embroidery stick and stitch berry",1,"-","","0"
"stick and stitch alphabet letters",1,"-","","0"
"stick and stitch letter set",1,"-","","0"
"stick and stitch patterns alphabet",1,"-","","0"
"heart stick and stitch embroidery",1,"-","","0"
"western embroidery stick and stitch",1,"-","","0"
"simple flower stick and stitch",1,"-","","0"
"stick and stitch embroidery birds",1,95,"99","0"
"stick and stitch embroidery monogram",1,"-","","0"
"beanie stick and stitch mountains",1,"-","","0"
"stick and stitch tea towel",1,"-","","0"
"stick and stitch embroidery medusa",1,"-","","0"
"small flower stick and stitch",1,"-","","0"
"stick and stitch patterns beginner",1,"-","","0"
"stick and stitch christians pattern",1,"-","","0"
"sasquatch stick and stitch patch",1,"-","","0"
"printable stick and stitch letters",1,"-","","0"
"sashiko stick and stitch patterns",1,"-","","0"
"stick and stitch patterns travel",1,"-","","0"
"hygge embroidery stick and stitch",1,"-","","0"
"stick and stitch embroidery frog",1,"-","","0"
"goth stick and stitch embroidery",1,"-","","0"
"embroidery stick and stitch fern",1,"-","","0"
"stick and stitch download woodland",1,"-","","0"
"stick and stitch cute animals",1,"-","","0"
"football stick and stitch svg",1,"-","","0"
"letter embroidery stick and stitch",1,54,"87","0"
"beach stick and stitch embroidery",1,"-","","0"
"stick and stitch baby girl",1,"-","","0"
"baby animals stick and stitch",1,"-","","0"
"stick and stitch napkin monarch",1,"-","","0"
"stick and stitch large letters",1,"-","","0"
"stick and stitch daisy bouquet",1,"-","","0"
"stick and stitch embroidery mountains",1,"-","","0"
"stick and stitch embroidery snowflakes",2,"-","","0"
"precut stick and stitch scandinavian",1,"-","","0"
"kits stick and stitch embroidery",1,2634,"100","0"
"stick and stitch 10 skulls",1,"-","","0"
"preprinted stick and stitch transfers",1,"-","","0"
"stick and stitch cross stitch grid transfers",1,"-","","0"
"sun and moon stick and stitch pattern",1,"-","","0"
"cross stitch stick and stitch cat mushrooms",1,"-","","0"
"peel  stick beginner stick and stitch designs",1,"-","","0"
"giraffe stick and stitch embroidery pdf",18,"-","","0"
"home sweet home stick and stitch",15,"-","","0"
"stick and stitch embroidery designs clothing",4,"-","","0"
"winnie the pooh stick and stitch",3,"-","","0"
"stick and stitch embroidery for sweatshirt",3,"-","","0"
"hand embroidery stick and stitch patterns",2,"-","","0"
"stick and stitch embroidery alphabet letters",2,"-","","0"
"fall stick and stitch embroidery designs",1,"-","","0"
"stick and stitch embroidery patterns alphabet",1,"-","","0"
"woodland embroidery stick and stitch designs",1,"-","","0"
"embroidery stick and stitch bird designs",1,"-","","0"
"floral embroidery pattern stick and stitch",1,"-","","0"
"stick and stitch embroidery pattern daisy",1,"-","","0"
"stick and stitch dissolvable embroidery patterns",1,"-","","0"
"stick and stitch elk embroidery designs",1,"-","","0"
"photo frame embroidery stick and stitch",1,"-","","0"
"old fashioned stick and stitch kit",1,"-","","0"
"sashiko mending patterns stick and stitch",1,"-","","0"
"stick and stitch christmas embroidery patterns",1,"-","","0"
"stick and stitch baby gift kit",1,"-","","0"
"diy stick and stitch embroidery patterns",1,"-","","0"
"stick and stitch embroidery pattern pdf",1,"-","","0"
"stick and stitch book embroidery pattern",1,"-","","0"
"gothic stick and stitch embroidery designs",1,"-","","0"
"halloween embroidery pattern stick and stitch",1,"-","","0"
"fall embroidery patterns stick and stitch",1,"-","","0"
"stick and stitch embroidered pattern name",1,"-","","0"
"color stick and stitch hand embroidery",1,"-","","0"
"stick and stitch sampler printed sheet",1,"-","","0"
"boho stick and stitch embroidery patterns",1,"-","","0"
"printable stick and stitch designs initials",1,"-","","0"
"stick and stitch embroidery design ghost and coffee",1,"-","","0"
"hand embroidery stick and stitch paper",1,467,"100","0"
"tattoo stick and stitch embroidery patterns",1,"-","","0"
"woodland animal stick and stitch pdf",1,"-","","0"
"embroidery bluebonnet stick and stitch kit",1,"-","","0"
"stick and stitch jean embroidery designs",1,"-","","0"
"mouse embroidery patterns stick and stitch",1,"-","","0"
"stick and stitch sweatshirt embroidery designs",1,"-","","0"
"stick and stitch patterns printable alphabet",1,"-","","0"
"stick and stitch christmas embroidery pattern",1,"-","","0"
"downloadable stick and stitch sashiko patterns",1,"-","","0"
"stick and stitch embroidery designs skull",1,"-","","0"
"stick and stitch embroidery designs jeans",1,"-","","0"
"stick and stitch embroidery printable pdf",1,"-","","0"
"embroidery patterns stick and stitch wheat",1,"-","","0"
"nature scene fall stick and stitch",1,"-","","0"
"stick and stitch embroidery quilt kit",1,"-","","0"
"pdf baking sourdough stick and stitch",1,"-","","0"
"pdf christmas stick and stitch small",1,"-","","0"
"carhartt beanie embroidery stick and stitch",1,"-","","0"
"embroidery kit stick and stitch pattern",1,"-","","0"
"stick and stitch embroidery designs halloween",1,"-","","0"
"christmas stick and stitch for embroidery",1,"-","","0"
"stick and stitch embroidery patterns leaves",1,"-","","0"
"easy snowflake embroidery stick and stitch",1,"-","","0"
"dancing bugs stick and stitch set",1,"-","","0"
"stick and stitch insect bug patterns",1,"-","","0"
"stick and stitch embroidery patterns ski",1,"-","","0"
"modern folk art stick and stitch",1,"-","","0"
"how to use stick and stitch",1,"-","","0"
"easy western stick and stitch embroidery",1,"-","","0"
"bird stick and stitch embroidery designs",1,"-","","0"
"stick and stitch lightning bugs ladybugs",1,"-","","0"
"stick and stitch embroidery designs goth",1,"-","","0"
"stick and stitch skeleton embroidery patterns",1,"-","","0"
"embroidery stick and stitch fairy wings",1,"-","","0"
"stick and stitch baby monthly milestone",1,"-","","0"
"holiday stick and stitch embroidery designs",1,"-","","0"
"printable stick and stitch hand embroidery",1,"-","","0"
"snoopy stick and stitch embroidery designs",1,"-","","0"
"baby halloween stick and stitch patterns",1,"-","","0"
"stick and stitch embroidery patterns botanical",1,"-","","0"
"stick and stitch hand embroidery kit",1,"-","","0"
"embroidery letter template stick and stitch",1,"-","","0"
"embroidery peace sign stick and stitch",1,"-","","0"
"embroidery stick and stitch transfer peel",1,"-","","0"
"needle embroidery design stick and stitch",1,"-","","0"
"alpha et embroidery stick and stitch",1,"-","","0"
"embroider heart stick and stitch file",1,"-","","0"
"plants stick and stitch suit lapel",1,"-","","0"
"embroidery patterns train stick and stitch",1,"-","","0"
"stick and stitch download zodiac signs",1,"-","","0"
"stick and stitch embroidery pattern lavender",1,"-","","0"
"stick and stitch embroidery snowflake ornaments",1,"-","","0"
"stick and stitch embroidery kits mandala",1,"-","","0"
"stick and stitch bird embroidery patterns",1,"-","","0"
"stick and stitch patterns for ornaments",1,"-","","0"
"alt stick and stitch embroidery rabbit",1,"-","","0"
"art nouveau embroidery stick and stitch",1,"-","","0"
"embroidery stick and stitch download christmas",1,"-","","0"
"autumn stick and stitch hand embroidery",1,"-","","0"
"stick and stitch embroidery folk art",1,"-","","0"
"stick and stitch patterns for sleeves",1,"-","","0"
"nike socks stick and stitch patterns",1,"-","","0"
"hand embroidery stick and stitch mama",1,"-","","0"
"baby hand embroidery stick and stitch",1,"-","","0"
"bee hand embroidery stick and stitch",1,"-","","0"
"stick and stitch embroidery patterns funny",1,"-","","0"
"printable stick and stitch christmas floral",1,"-","","0"
"stick and stitch patterns pdf space",1,"-","","0"
"stick and stitch embroidery pattern fish",1,"-","","0"
"butterfly hand embroidery stick and stitch",1,"-","","0"
"mini stick and stitch hand embroidery",1,"-","","0"
"snowflake stick and stitch christmas designs",1,"-","","0"
"embroidery stick and stitch small shapes",1,"-","","0"
"stick and stitch embroidery sock pattern",1,"-","","0"
"stick and stitch scandinavian embroidery transfers",1,"-","","0"
"beanie stick and stitch embroidery pattern",1,"-","","0"
"stick and stitch embroidery patterns fruit",1,"-","","0"
"stick and stitch embroidery patterns digital",1,"-","","0"
"alien embroidery stick and stitch pdf",1,"-","","0"
"beginner friendly stick and stitch herbs",1,"-","","0"
"stick and stitch embroidery tin fish",1,"-","","0"
"large stick and stitch embroidery letters",1,"-","","0"
"goth stick and stitch embroidery patterns",1,"-","","0"
"baby seasonal stick and stitch patterns",1,"-","","0"
"easter beanie stick and stitch pattern",1,"-","","0"
"halloween stick and stitch printable download",1,"-","","0"
"stick and stitch embroidery jean leg",1,"-","","0"
"spider embroidery stick and stitch pdf",1,"-","","0"
"stick and stitch for clothes goth",1,"-","","0"
"stick and stitch embroidery patterns kitchen",1,"-","","0"
"stick and stitch fish embroidery pattern",1,"-","","0"
"embroidery letter pattern stick and stitch",1,"-","","0"
"divine mercy stick and stitch transfer",1,"-","","0"
"stick and stitch converse embroidery patterns",1,"-","","0"
"stick and stitch let it snow",1,"-","","0"
"baby embroidery designs stick and stitch",1,"-","","0"
"lobster embroidery design stick and stitch",1,"-","","0"
"stick and stitch paper for printer",1,"-","","0"
"moon phases download stick and stitch",1,"-","","0"
"stick and stitch religious pdf download",1,"-","","0"
"stick and stitch pattern for converse",1,"-","","0"
"stick and stitch border embroidery patterns",1,"-","","0"
"stick and stitch hand embroidery floral",1,"-","","0"
"stick and stitch embroidery designs stick n stitch embroidery pack",1,"-","","0"
"stick and stitch hand embroidery balloon",1,"-","","0"
"christmas stick and stitch embroidery designs",1,116,"100","0"
"stick and stitch embroidery patterns herbs",1,"-","","0"
"noah kahan stick and stitch embroidery",1,"-","","0"
"christmas stick and stitch border patterns",1,"-","","0"
"stick and stitch embroidery patterns men",1,"-","","0"
"hand embroidery pattern stick and stitch",1,"-","","0"
"embroidered hat stick and stitch christmas",1,"-","","0"
"western embroidery stick and stitch pattern",1,"-","","0"
"embroidery stick and stitch for beginners",1,"-","","0"
"stick and stitch letter embroidery patterns",1,"-","","0"
"mahjong stick and stitch embroidery pattern",1,"-","","0"
"old fashioned stick and stitch kits",1,"-","","0"
"gingerbread house embroidery stick and stitch",1,"-","","0"
"stick and stitch embroidery honey bee",1,"-","","0"
"stick and stitch thanksgiving embroidery pdf",1,"-","","0"
"water soluble stick and stitch patterns",1,"-","","0"
"printable pocket  sleeve stick and stitch",1,"-","","0"
"stick and stitch actuallyhandmade summer cocktail",1,"-","","0"
"disney stick and stitch template for printing hand stitch",1,"-","","0"
"stick and stitch pack of fishing lures and fish",1,"-","","0"
"stick and stitch pumpkin patch  autumn pumpkins stick on",1,"-","","0"
"stick and stitch flower hand embroidery pattern",2,"-","","0"
"alphabet water soluble stick and stitch embroidery",1,"-","","0"
"embroidery ring with stick and stitch patterns",1,"-","","0"
"stick and stitch embroidery st patricks day",1,"-","","0"
"valentine stick and stitch for tea towels",1,"-","","0"
"stick and stitch embroidery designs golf clubs",1,"-","","0"
"heart hand embroidery design stick and stitch",1,"-","","0"
"stick and stitch tree patterns for clothes",1,"-","","0"
"hand embroidery stick and stitch woodland animals",1,"-","","0"
"hand embroidery stick and stitch birds florals",1,"-","","0"
"hand embroidery designs simple stick and stitch",1,"-","","0"
"western horse embroidery patterns stick and stitch",1,"-","","0"
"stick and stitch embroidery kits with thread",1,"-","","0"
"stick and stitch floral alphabet embroidery patterns",1,"-","","0"
"celtic stick and stitch hand embroidery patterns",1,"-","","0"
"stick and stitch baby milestone download numbers",1,"-","","0"
"stick and stitch embroidery patterns tinned fish",1,"-","","0"
"easy embroidery letter pattern stick and stitch",1,"-","","0"
"stick and stitch rainbow embroidery templates pdf",1,"-","","0"
"modern stick and stitch embroidery kit pottery",1,"-","","0"
"baby boy stick and stitch embroidery patterns",1,"-","","0"
"stick and stitch embroidery for denim jacket",1,"-","","0"
"hand embroidery stick and stitch ornament pattern",1,"-","","0"
"stick and stitch for back of shirt",1,"-","","0"
"tote bag embroidery stick and stitch printable",1,"-","","0"
"stick and stitch embroidery pattern letter c",1,"-","","0"
"stick and stitch embroidery ralph lauren bear",1,"-","","0"
"embroidery baby announcement stick and stitch kit",1,"-","","0"
"western horses cowboy embroidery stick and stitch",1,"-","","0"
"flower embroidery designs stick and stitch designs",1,"-","","0"
"lobster stick and stitch for hand embroidery",1,"-","","0"
"snoopy fall hand embroidery stick and stitch",1,"-","","0"
"embroidery stick and stitch for beginners patches",1,"-","","0"
"stick and stitch embroidery patterns for jackets",1,"-","","0"
"embroidery patterns for collar stick and stitch",1,"-","","0"
"large stick and stitch alphabet letter embroidery",1,"-","","0"
"large water soluble stick and stitch designs",1,"-","","0"
"stick and stitch hand embroidery bean alphabet",1,"-","","0"
"water soluble stick and stitch embroidery patterns",1,"-","","0"
"stick and stitch bougainvillea pattern for jeans",1,"-","","0"
"stick and stitch embroidery patterns for sweatshirts",1,"-","","0"
"hand embroidery gothic border stick and stitch",1,"-","","0"
"stick and stitch water soluable embroidery patterns",1,"-","","0"
"stick and stitch converse cherry blossom pattern",1,"-","","0"
"stick and stitch transfer vegetable garden transfers",1,"-","","0"
"stick and stitch stencils winnie the pooh",1,"-","","0"
"beginner diy stick and stitch embroidery kit",1,"-","","0"
"miniature ants stick and stitch embroidery template",1,"-","","0"
"stick and stitch embroidery pattern christmas tree",1,"-","","0"
"stick and stitch embroidery pattern botanical jacket",1,"-","","0"
"stick and stitch hand embroidery knitting bees",1,"-","","0"
"embroidery pattern for jeans stick and stitch",1,"-","","0"
"stick and stitch embroidery for denim digital",1,"-","","0"
"modern stick and stitch embroidery kit trees",1,"-","","0"
"embroidery stick and stitch pattern monthly milestones",1,"-","","0"
"monarch hand embroidery stick and stitch pattern",1,"-","","0"
"stick and stitch embroidery patterns alphabet baby",1,"-","","0"
"hand embroidery patterns christian stick and stitch",1,"-","","0"
"stick and stitch embroidery round for converse",1,"-","","0"
"stick and stitch embroidery patterns letter k",1,"-","","0"
"embroidery hispanic floral designs stick and stitch",1,"-","","0"
"cross design stick and stitch pdf template",1,"-","","0"
"stick and stitch patterns for embroidery letters",1,"-","","0"
"stick and stitch mini alphabet embroidery patternprintable",1,"-","","0"
"stick and stitch embroidery cat designs for hats",1,"-","","0"
"stick and stitch kit for jeans pockets bee",1,"-","","0"
"stick and stitch butterfly patterns for jean jackets",1,"-","","0"
"large stick and stitch embroidery patterns tea towel",1,"-","","0"
"stick and stitch embroidery for girls jean jacket",1,"-","","0"
"stick and stitch winter embroidery for sweatshirt cuffs",1,"-","","0"
"stick and stitch embroidery designs for dish towel",1,"-","","0"
"product mock ups for stick and stitch embroidery",1,"-","","0"
"stick and stitch desert flowers cactus hand embroidery",1,"-","","0"
"stick and stitch plain embroidery to print on",1,"-","","0"
"norwegian folk art floral design stick and stitch",1,"-","","0"
"embroidery patterns stick and stitch flowersstep by step",1,"-","","0"
"stick and stitch embroidery kits for cocktail napkins",1,"-","","0"
"embroidery bookmark stick and stitch tea bag pattern",1,"-","","0"
"stick and stitch embroidery patterns a to z",1,"-","","0"
"fall / halloween stick and stitch embroidery patterns",1,"-","","0"
"stick and stitch paper for printable embroidery patterns",1,"-","","0"
"stick and stitch hand embroidery cocktail napkins pattern",1,"-","","0"
"large stick and stitch alphabet letters to embroider",1,"-","","0"
"stick and stitch water soluble embroidery pattern fish",1,"-","","0"
"mini hand embroidery alphabet for stick and stitch",1,"-","","0"
"stick and stitch embroidery hand 1st berry birthday",1,"-","","0"
"stick and stitch animals embroidery kits with thread",1,"-","","0"
"pdf stick and stitch printable patterns for beanie",1,"-","","0"
"embroidery stick and stitch patterns pdf download small",1,"-","","0"
"stick and stitch embroidery patterns for girls jean jacket",1,"-","","0"
"stick and stitch line embroidery patterns pdf for jackets",1,"-","","0"
"stick and stitch embroidery stickers lord of the rings",1,"-","","0"
"stick and stitch embroidery christmas partridge in pear tree",1,"-","","0"
"hand embroidery stick and stitch embroidery pattern california poppies",1,"-","","0"
"flower hair stick and stitch patches water soluble stabilizer",1,"-","","0"
"water soluable embroidery transfer paper mermaid stick and stitch",1,"-","","0"
"hand embroidery stick and stitch monogram initials needlepoint transfer pattern",1,"-","","0"
"washable stencils stick and stitch infant milestone template for hand embroidery",1,"-","","0"
"stitch and stick",3,9199,"100","2"
"peel and stick",1098,120615,"100","17"
"peel and stitch",2,1431,"100","1"
"print and stitch",1,45251,"100","1"
"stick n stitch",5,593,"100","7"
"cross stitch",6505,781509,"100","3"
"stitch embroidery",5,636557,"100","2"
"hand stitch",3,128360,"100","3"
"stitch guide",2,10368,"100","2"
"cats and books",23,57465,"100","1"
"stick on embroidery",3,8803,"100","7"
"cross stitch pattern",6173,630186,"100","3"
"cross stitch kit",3305,527165,"100","1"
"fall cross stitch",353,22201,"90","1"
"autumn cross stitch",243,24681,"100","1"
"floral cross stitch",198,66010,"100","1"
"cross stitch pdf",13,355683,"100","1"
"hand stitch design",1,26898,"100","1"
"gift",58648,33152946,"100","2"
"personalized gift",41355,5573446,"100","1"
"sticker",30131,3334545,"100","1"
"fall decor",21523,1113239,"86","1"
"gifts for her",20252,5405483,"100","1"
"digital download",16843,8592990,"100","9"
"patches",16590,593446,"78","1"
"embroidery",16297,2125420,"100","16"
"accessories",15709,8012615,"100","2"
"ornament",15603,2530778,"100","1"
"halloween decor",14033,1317768,"99","1"
"housewarming gift",13596,1468837,"100","1"
"clothing",13431,14198054,"100","2"
"sword",12893,80392,"40","1"
"handmade",12870,5157929,"100","2"
"christmas ornaments",12643,2050225,"100","1"
"stocking stuffers",12539,536732,"82","1"
"lord of the rings",11469,32651,"23","1"
"fall",10090,3016904,"100","1"
"christmas ornament",9166,2050300,"100","1"
"flower",9116,4807332,"100","1"
"butterfly",8204,743970,"98","3"
"pdf",7714,2630555,"100","1"
"embroidery designs",7082,248390,"77","10"
"flowers",7105,4805134,"100","2"
"printable",7021,6546736,"100","1"
"terrarium",6763,80781,"54","1"
"embroidered",6314,1277994,"100","2"
"stocking stuffer",6159,535836,"97","1"
"christmas gift",6008,7614738,"100","1"
"baby shower gift",5112,1391561,"100","1"
"sewing",4978,4913668,"100","1"
"embroidery kit",4727,1087559,"100","13"
"cottagecore",4713,797998,"100","1"
"pattern",4565,5537618,"100","11"
"needlepoint",4014,527364,"100","3"
"nursery decor",3885,1692411,"100","1"
"autumn",3928,1450611,"100","1"
"4th of july",3893,392128,"100","1"
"baby girl gift",3776,881946,"100","1"
"house plants",3728,137764,"78","1"
"embroidery patterns",3503,1210858,"100","9"
"anime sticker",3473,100894,"73","1"
"kitchen decor",3356,4401800,"100","1"
"floral",3262,5522351,"100","4"
"strawberry",3271,245514,"94","1"
"custom gifts",3275,5836808,"100","1"
"pumpkin",3179,1527673,"100","1"
"farmhouse decor",2989,1587806,"100","2"
"ghibli",2952,21919,"44","1"
"embroidery kits",2918,1071034,"100","1"
"farm",2816,785396,"100","1"
"cherry",2768,309520,"100","1"
"celestial",2715,567291,"100","1"
"embroidery design",2593,809610,"100","9"
"embroidery pattern",2555,1214149,"100","40"
"craft kit",2528,3025047,"100","1"
"diy",2378,2285747,"100","2"
"handmade gift",2232,2462067,"100","2"
"cherry blossom",2264,92135,"80","1"
"birth flower",2171,116153,"86","2"
"poppy",2111,102245,"84","1"
"spring",2011,1496106,"100","1"
"nature",1868,2033086,"100","2"
"craft",1782,16637105,"100","3"
"embroidery file",1800,616122,"100","2"
"custom embroidery",1737,188070,"100","3"
"book lovers",1642,167974,"100","1"
"newborn gift",1363,408750,"100","1"
"california",1297,285476,"100","1"
"houseplants",1143,67720,"89","2"
"cottage core decor",1152,80033,"92","1"
"wildflowers",1008,471227,"100","2"
"baby girl nursery",859,223107,"100","1"
"unique gift",882,2960562,"100","1"
"designs",831,1745494,"100","1"
"guide",848,585092,"100","1"
"mountain art",814,363371,"100","1"
"handmade gifts",776,2462603,"100","2"
"america",753,1688845,"100","1"
"diy craft",734,1499330,"100","1"
"blueberry",708,45125,"90","1"
"boat tote",714,4596,"40","1"
"download",706,10243975,"100","1"
"halloween embroidery",630,129398,"100","2"
"animals",655,4820002,"100","1"
"baby sweater",628,89630,"100","1"
"butterflies",640,746495,"100","1"
"hand embroidery",564,183497,"100","43"
"christmas embroidery",618,351284,"100","6"
"embroidered clothing",535,465748,"100","3"
"custom beanie",558,19208,"77","1"
"embroidery supplies",478,1085452,"100","2"
"bugs",451,181731,"100","1"
"instant download",440,3673189,"100","3"
"embroidery patches",441,98888,"100","3"
"gifts for crafters",409,4652494,"100","2"
"tropical plants",430,123757,"100","1"
"christmas gnomes",396,106966,"100","1"
"book lovers gift",343,142986,"100","1"
"embroidered beanie",302,33409,"100","1"
"christmas craft",312,1914161,"100","1"
"girl baby shower",308,746897,"100","1"
"halloween craft",306,838692,"100","1"
"embroidery patch",249,99041,"100","3"
"digital pattern",211,1645527,"100","2"
"ferns",256,63245,"100","1"
"christmas borders",245,21712,"97","1"
"embroidery templates",216,79551,"100","1"
"embroidery hoop",196,162947,"100","4"
"embroidery art",152,414224,"100","3"
"cat embroidery",193,63889,"100","1"
"christmas patterns",174,753840,"100","1"
"christmas craft kit",206,430848,"100","1"
"narsil",178,913,"36","1"
"tolkien",177,13939,"95","1"
"nature lover gift",202,456828,"100","1"
"hat embroidery",159,193952,"100","1"
"flower embroidery",120,192456,"100","13"
"embroidery template",93,72304,"100","6"
"butterfly embroidery",108,28079,"100","4"
"embroider",91,1267357,"100","3"
"pattern pdf",112,1227780,"100","2"
"beginner",103,342908,"100","2"
"kitten pattern",126,20392,"100","1"
"baby embroidery",115,167433,"100","1"
"pumpkin embroidery",103,55336,"100","1"
"halloween craft kit",98,156937,"100","1"
"ornament embroidery",128,65338,"100","1"
"cat pattern",111,126064,"100","1"
"cherries",143,309319,"100","1"
"poppies",112,102109,"100","1"
"custom boat tote",107,1703,"60","1"
"denim embroidery",95,8101,"97","1"
"oh my stars",123,1129,"48","1"
"embroidery stickers",51,7956,"100","6"
"letter embroidery",48,25756,"100","2"
"embroidery tshirt",61,89477,"100","2"
"sashiko pdf",73,212,"23","2"
"embroidery hats",48,193722,"100","1"
"bunny gift",63,216443,"100","1"
"halloween spooky",37,1927942,"100","1"
"daisy flower",49,194298,"100","1"
"rose embroidery",35,36083,"100","1"
"diy clothing",43,57842,"100","1"
"aragorn",70,2891,"81","1"
"anime embroidery",47,15706,"100","1"
"pdf patterns",78,1226014,"100","1"
"pdf download",71,1294194,"100","1"
"christmas frame",88,275633,"100","1"
"custom embroider",64,284331,"100","1"
"princess embroidery",35,19978,"100","1"
"insects",34,208107,"100","1"
"sewing patches",43,294303,"100","1"
"pretty",73,352469,"100","1"
"bookmark embroidery",44,9671,"100","1"
"cottagecore stickers",64,21877,"100","1"
"beginner embroidery",20,83716,"100","36"
"floral embroidery",13,216896,"100","26"
"diy embroidery",3,143767,"100","24"
"embroidery pdf",7,331713,"100","13"
"modern embroidery",5,158741,"100","12"
"printable pattern",1,324397,"100","12"
"printable embroidery",4,36799,"100","10"
"embroidery bundle",26,40413,"100","9"
"clothing embroidery",3,182090,"100","9"
"embroidery transfers",10,69452,"100","9"
"embroidery transfer",7,59546,"100","7"
"embroidery gift",5,505731,"100","5"
"hand embroidery pdf",3,56197,"100","5"
"botanical embroidery",5,20955,"100","5"
"pocket embroidery",4,12920,"100","5"
"wildflower pattern",2,27877,"100","5"
"visible mending",5,1380,"100","4"
"beginner friendly",1,53238,"100","4"
"embroider clothes",1,33752,"100","4"
"meadow embroidery",2,4602,"100","4"
"animal embroidery",5,150359,"100","4"
"embroidery stencil",5,48289,"100","4"
"wash away embroidery",3,427,"100","4"
"holiday embroidery",3,142600,"100","4"
"embroidery clothes",3,36968,"100","3"
"beginner pattern",2,258321,"100","3"
"spring embroidery",5,56512,"100","3"
"pdf pattern",4,1236972,"100","3"
"wildflower design",1,61591,"100","3"
"diy embroidery kit",3,106036,"100","3"
"floral border",20,49972,"100","3"
"spring flowers",5,463233,"100","3"
"sashiko pattern",5,2528,"100","3"
"sewing transfers",1,78440,"100","3"
"craft pattern",1,4232305,"100","3"
"embroidery diy",3,143404,"100","3"
"embroidery paper",8,258152,"100","2"
"rooster embroidery",3,4289,"100","2"
"chicken pattern",8,22887,"100","2"
"farm animal art",8,117310,"100","2"
"chicken design",1,32528,"100","2"
"embroidery jeans",5,5087,"100","2"
"monogram pattern",1,79420,"100","2"
"alphabet embroidery",3,36489,"100","2"
"monogram embroidery",13,92360,"100","2"
"modern flowers",1,251652,"100","2"
"hand embroidery kit",8,65817,"100","2"
"spooky embroidery",13,53931,"100","2"
"embroidery clothing",2,219175,"100","2"
"floral patch",2,24577,"100","2"
"digital embroidery",23,448604,"100","2"
"stickerei",1,1787,"100","2"
"flowers embroidery",3,193109,"100","2"
"japanese embroidery",3,18188,"100","2"
"sashiko template",7,118,"61","2"
"boro sashiko",3,1144,"100","2"
"easy embroidery",2,95636,"100","2"
"stitching",6,1244043,"100","2"
"hand drawn",15,396192,"100","2"
"potted plants",8,28830,"100","2"
"trendy designs",3,117256,"100","2"
"stabilizer",3,2622,"100","2"
"embroidery sticker",3,8144,"100","2"
"floral bundle",23,153655,"100","2"
"insect embroidery",4,10117,"100","2"
"cute animal art",3,539944,"100","2"
"pattern beginner",1,208713,"100","1"
"christmas beanie",6,40296,"100","1"
"trendy embroidery",5,61619,"100","1"
"cat drawings",3,107543,"100","1"
"cat drawing",6,126613,"100","1"
"cute cat art",4,182016,"100","1"
"embroidered pocket",1,11866,"100","1"
"pocket pattern",6,49943,"100","1"
"denim jacket pattern",10,1226,"100","1"
"whimsical embroidery",2,18928,"100","1"
"hand embroidery art",3,61279,"100","1"
"today is a good day",3,2340,"100","1"
"coffee embroidery",2,18415,"100","1"
"floral alphabet",8,20372,"100","1"
"bunny embroidery",7,31492,"100","1"
"girl embroidery",3,150859,"100","1"
"quilt block pattern",10,41473,"100","1"
"nature embroidery",3,50352,"100","1"
"hand drawn designs",2,25402,"100","1"
"embroidery download",11,515776,"100","1"
"cross embroidery pdf",2,213306,"100","1"
"diy baby gift",13,75178,"100","1"
"baby boy embroidery",19,25026,"100","1"
"wildflower designs",1,10299,"100","1"
"floral patterns",4,468211,"100","1"
"christmas holiday",2,4139207,"100","1"
"diy sweatshirt",3,6298,"100","1"
"holiday patterns",2,295461,"100","1"
"bike embroidery",1,4992,"100","1"
"bike patch",2,11282,"100","1"
"knit sweater baby",23,17144,"100","1"
"diy gifts for kids",1,324425,"100","1"
"downloadable design",1,55380,"100","1"
"hand embroidered",25,108619,"100","1"
"embroidered denim",4,20072,"100","1"
"initial sweater",3,3304,"100","1"
"border embroidery",2,17339,"100","1"
"sunflower embroidery",8,12619,"100","1"
"t shirt embroidery",2,78150,"100","1"
"embroidery cloth",8,31260,"100","1"
"jungle plants",1,18327,"100","1"
"garden design",2,156362,"100","1"
"diy home decor",3,483436,"100","1"
"fruit embroidery",3,13334,"100","1"
"tote bag embroidery",2,13088,"100","1"
"retro embroidery",1,43999,"100","1"
"folk embroidery",2,21361,"100","1"
"nordic embroidery",3,2525,"100","1"
"scandi embroidery",2,832,"100","1"
"goose with a bow",1,"-","","1"
"vintage duck art",8,28634,"100","1"
"simple embroidery",4,37085,"100","1"
"mini embroidery",23,66523,"100","1"
"middle earth",8,12836,"100","1"
"self adhesive",1,51368,"100","1"
"anime embroidery kit",3,6096,"100","1"
"embroidery tool",1,1332008,"100","1"
"anime pattern",1,39908,"100","1"
"goose embroidery",15,10408,"100","1"
"duck pattern",5,19870,"100","1"
"duck embroidery",6,11101,"100","1"
"pattern embroidery",2,1046944,"100","1"
"autumn crafts",1,226011,"100","1"
"pumpkin design",1,286739,"100","1"
"fall harvest",3,158971,"100","1"
"diy halloween kit",2,21899,"100","1"
"sassy embroidery",1,7216,"100","1"
"bat embroidery",3,10893,"100","1"
"halloween patterns",6,310348,"100","1"
"witch pattern",19,50393,"100","1"
"witch please",18,5736,"100","1"
"spellbound",4,2535,"100","1"
"mama embroidery",8,25794,"100","1"
"embroidered clothes",4,40190,"100","1"
"embroidery diy kit",3,93178,"100","1"
"personalized mama",3,167656,"100","1"
"embroidered mama",4,32453,"100","1"
"diy hand embroidery",1,28162,"100","1"
"embroidery guide",1,7976,"100","1"
"embroider hat",1,259508,"100","1"
"embroider shirt",3,241115,"100","1"
"embroider tshirt",12,75451,"100","1"
"autumn embroidery",8,52253,"100","1"
"photo embroidery",1,9530,"100","1"
"pinecone pattern",1,1191,"100","1"
"christmas gift idea",3,685907,"100","1"
"diy christmas gift",1,139230,"100","1"
"ornament template",3,66452,"100","1"
"embroidery name kit",3,8928,"100","1"
"name embroidery kit",2,8826,"100","1"
"collar embroidery",5,10077,"100","1"
"snowflake embroidery",7,14673,"100","1"
"floral bouquet",4,154825,"100","1"
"beginners embroidery",3,65906,"100","1"
"alphabet letter",2,109300,"100","1"
"initial embroidery",7,16232,"100","1"
"girls embroidery",1,137973,"100","1"
"princess birthday",17,191754,"100","1"
"whimsical fantasy",1,102927,"100","1"
"wildflower meadow",3,37996,"100","1"
"spider embroidery",3,7935,"100","1"
"bug embroidery",4,8959,"100","1"
"diy ornaments",5,70875,"100","1"
"craft gift ideas",2,295212,"100","1"
"easy embroidery kit",3,75960,"100","1"
"bees embroidery",1,18789,"100","1"
"blackberry",18,11254,"100","1"
"blossom",8,241919,"100","1"
"berries",17,229927,"100","1"
"blooms",1,205668,"100","1"
"floral flowers",13,2085760,"100","1"
"embroidery bookmark",2,8933,"100","1"
"bookmarks pattern",1,22048,"100","1"
"bookmark craft",2,37442,"100","1"
"adhesive",18,178636,"100","1"
"butterfly garden",5,74152,"100","1"
"strawberry patch",1,4278,"100","1"
"bee embroidery kit",12,8537,"100","1"
"flowers printable",5,536572,"100","1"
"cottagecore crafts",2,49849,"100","1"
"embroidery craft",1,1543916,"100","1"
"book embroidery",10,40900,"100","1"
"pdf embroidery",3,277669,"100","1"
"bouquet embroidery",2,12471,"100","1"
"botanical stickers",3,20229,"100","1"
"floral stickers",8,136392,"100","1"
"succulent stickers",2,6476,"100","1"
"holiday craft ideas",1,36599,"100","1"
"gifts for bird lover",3,139368,"100","1"
"embroidery flowers",7,193288,"100","1"
"embroidery for jeans",2,4187,"100","1"
"sewing stabilizer",5,1600,"100","1"
"jeans embroidery",7,5063,"100","1"
"camping designs",3,10016,"100","1"
"mountain life",1,21853,"100","1"
"sashiko embroidery",3,4794,"100","1"
"denim repair",1,590,"100","1"
"sashiko patches",7,614,"97","1"
"japanese sashiko",1,3202,"100","1"
"slow stitching",5,9687,"100","1"
"fabric repair",1,2361,"100","1"
"floral frame",9,158157,"100","1"
"beanie embroidery",19,8380,"100","1"
"mini flowers",2,83928,"100","1"
"tiny embroidery",2,15546,"100","1"
"woodland embroidery",4,17320,"100","1"
"butterflys",4,739366,"100","1"
"wild flowers",8,100888,"100","1"
"daisies",12,397511,"100","1"
"floral initial",6,26363,"100","1"
"embroidery letter",13,24613,"100","1"
"corner bookmark",26,4608,"100","1"
"book nerd gifts",3,47734,"100","1"
"needlework kit",2,44079,"100","1"
"cute cottagecore",1,122308,"100","1"
"digital download pdf",4,747162,"100","1"
