"Listing","Total Issues","Missing Tags","Missing Images","Spelling Issues","One-Word Tags"
"Personalized Photo Portrait Ornament, Unique Engraved Wood Gift, Colorful Handmade Holiday, Multiple Shapes",7,0,7,0,0
"Digital geometric embroidery pattern — beginner-friendly design — PDF download for 6” or 8” hoops",5,3,2,0,0
"Hand Drawn Leaf Mandala Embroidery Pattern – Beginner Friendly PDF Download (6"" & 8"" Hoops)",5,3,2,0,0
"Leaf Floral Embroidery Pattern – Beginner Friendly PDF Download (6"" & 8"" Hoops)",5,3,2,0,0
"Digital hand-drawn firecracker embroidery pattern — beginner-friendly design — PDF download for calm stitching",5,3,2,0,0
"Digital leaf embroidery pattern — beginner-friendly design — PDF download for 6"" and 8"" hoops",5,3,2,0,0
"Digital geometric embroidery pattern — beginner-friendly design — PDF download for 6"" and 8"" hoops",5,3,2,0,0
"Digital floral embroidery pattern — beginner-friendly design — PDF download for 6"" and 8"" hoops",5,3,2,0,0
"Digital floral embroidery pattern — beginner-friendly design — PDF download for 6"" or 8"" hoops",5,3,2,0,0
"Digital geometric embroidery pattern — beginner-friendly hoop design — PDF download for calm stitching",4,3,1,0,0
"Digital geometric embroidery pattern — beginner-friendly design — calming wall art PDF download",4,3,1,0,0
"Digital floral embroidery pattern — hand-drawn flower design — intermediate PDF download",4,3,1,0,0
"Digital floral embroidery pattern — beginner-friendly design — PDF download for 6"" & 8"" hoops",3,1,2,0,0
"Digital hand drawn leaves embroidery pattern — beginner-friendly design — PDF download for calm stitching",3,3,0,0,0
"Digital hand-drawn starburst embroidery pattern — intermediate design — PDF download",3,3,0,0,0
"Beginner floral embroidery design — PDF digital product — 6"" & 8"" hoops",2,2,0,0,0
"Beginner Botanical Embroidery Design, Floral Hoop Art Pattern (PDF Download)",2,0,2,0,0
"Floral Embroidery Pattern, Botanical Wreath Design, Beginner Hoop Art (PDF Download)",2,0,2,0,0
"Digital embroidery pattern — botanical wreath and branch design — beginner-friendly PDF download",2,0,2,0,0
